-- Auto-generated seed data. Do not edit by hand.
-- Generated: 2026-04-16T02:37:47.639Z

-- doubles_players
INSERT INTO doubles_players (id, name, phone, gender, club) VALUES ('d01', 'Minh Quân', '—', 'M', 'CLB Bình Tân') ON CONFLICT (id) DO NOTHING;
INSERT INTO doubles_players (id, name, phone, gender, club) VALUES ('d02', 'Tân Sinh', '—', 'M', 'CLB Bình Tân') ON CONFLICT (id) DO NOTHING;
INSERT INTO doubles_players (id, name, phone, gender, club) VALUES ('d03', 'Quang Vinh', '—', 'M', 'CLB Bình Tân') ON CONFLICT (id) DO NOTHING;
INSERT INTO doubles_players (id, name, phone, gender, club) VALUES ('d04', 'Minh Tiên', '—', 'M', 'CLB Bình Tân') ON CONFLICT (id) DO NOTHING;
INSERT INTO doubles_players (id, name, phone, gender, club) VALUES ('d05', 'Phú Hảo', '—', 'M', 'CLB Bình Tân') ON CONFLICT (id) DO NOTHING;
INSERT INTO doubles_players (id, name, phone, gender, club) VALUES ('d06', 'Thanh Cảnh', '—', 'M', 'CLB Bình Tân') ON CONFLICT (id) DO NOTHING;
INSERT INTO doubles_players (id, name, phone, gender, club) VALUES ('d07', 'Hoài Nam (nhỏ)', '—', 'M', 'CLB Bình Tân') ON CONFLICT (id) DO NOTHING;
INSERT INTO doubles_players (id, name, phone, gender, club) VALUES ('d08', 'Phi Hùng', '—', 'M', 'CLB Bình Tân') ON CONFLICT (id) DO NOTHING;
INSERT INTO doubles_players (id, name, phone, gender, club) VALUES ('d09', 'Đức Lợi', '—', 'M', 'CLB Bình Tân') ON CONFLICT (id) DO NOTHING;
INSERT INTO doubles_players (id, name, phone, gender, club) VALUES ('d10', 'Bát Sỹ', '—', 'M', 'CLB Bình Tân') ON CONFLICT (id) DO NOTHING;
INSERT INTO doubles_players (id, name, phone, gender, club) VALUES ('d11', 'Bá Sơn (Per)', '—', 'M', 'Peridot') ON CONFLICT (id) DO NOTHING;
INSERT INTO doubles_players (id, name, phone, gender, club) VALUES ('d12', 'Hồng Nam (lớn)', '—', 'M', 'CLB Bình Tân') ON CONFLICT (id) DO NOTHING;
INSERT INTO doubles_players (id, name, phone, gender, club) VALUES ('d13', 'Mr.Giang', '—', 'M', 'CLB Bình Tân') ON CONFLICT (id) DO NOTHING;
INSERT INTO doubles_players (id, name, phone, gender, club) VALUES ('d14', 'Minh Chung', '—', 'M', 'CLB Bình Tân') ON CONFLICT (id) DO NOTHING;
INSERT INTO doubles_players (id, name, phone, gender, club) VALUES ('d15', 'Anh Cường (Anti)', '—', 'M', 'CLB Bình Tân') ON CONFLICT (id) DO NOTHING;
INSERT INTO doubles_players (id, name, phone, gender, club) VALUES ('d16', 'Thanh Sơn (Star)', '—', 'M', 'Starlight') ON CONFLICT (id) DO NOTHING;
INSERT INTO doubles_players (id, name, phone, gender, club) VALUES ('d17', 'Thọ Dân', '—', 'M', 'CLB Bình Tân') ON CONFLICT (id) DO NOTHING;
INSERT INTO doubles_players (id, name, phone, gender, club) VALUES ('d18', 'Văn Trọng', '—', 'M', 'CLB Bình Tân') ON CONFLICT (id) DO NOTHING;
INSERT INTO doubles_players (id, name, phone, gender, club) VALUES ('d19', 'Minh Hoàng', '—', 'M', 'CLB Bình Tân') ON CONFLICT (id) DO NOTHING;
INSERT INTO doubles_players (id, name, phone, gender, club) VALUES ('d20', 'Thanh Khoa (Per)', '—', 'M', 'Peridot') ON CONFLICT (id) DO NOTHING;
INSERT INTO doubles_players (id, name, phone, gender, club) VALUES ('d21', 'Ngọc Quang', '—', 'M', 'CLB Bình Tân') ON CONFLICT (id) DO NOTHING;
INSERT INTO doubles_players (id, name, phone, gender, club) VALUES ('d22', 'Văn Liêu', '—', 'M', 'CLB Bình Tân') ON CONFLICT (id) DO NOTHING;
INSERT INTO doubles_players (id, name, phone, gender, club) VALUES ('d23', 'Trọng Nga', '—', 'M', 'CLB Bình Tân') ON CONFLICT (id) DO NOTHING;
INSERT INTO doubles_players (id, name, phone, gender, club) VALUES ('d24', 'Văn Bạch', '—', 'M', 'CLB Bình Tân') ON CONFLICT (id) DO NOTHING;
INSERT INTO doubles_players (id, name, phone, gender, club) VALUES ('d25', 'Hoài Thiệu', '—', 'M', 'CLB Bình Tân') ON CONFLICT (id) DO NOTHING;
INSERT INTO doubles_players (id, name, phone, gender, club) VALUES ('d26', 'Kim Quy', '—', 'M', 'CLB Bình Tân') ON CONFLICT (id) DO NOTHING;
INSERT INTO doubles_players (id, name, phone, gender, club) VALUES ('d27', 'Văn Hưởng', '—', 'M', 'CLB Bình Tân') ON CONFLICT (id) DO NOTHING;
INSERT INTO doubles_players (id, name, phone, gender, club) VALUES ('d28', 'Thành Nhân', '—', 'M', 'CLB Bình Tân') ON CONFLICT (id) DO NOTHING;
INSERT INTO doubles_players (id, name, phone, gender, club) VALUES ('d29', 'Mr.Jon', '—', 'M', 'CLB Bình Tân') ON CONFLICT (id) DO NOTHING;
INSERT INTO doubles_players (id, name, phone, gender, club) VALUES ('d30', 'Park Chio', '—', 'M', 'CLB Bình Tân') ON CONFLICT (id) DO NOTHING;
INSERT INTO doubles_players (id, name, phone, gender, club) VALUES ('d31', 'Phú Cường', '—', 'M', 'CLB Bình Tân') ON CONFLICT (id) DO NOTHING;
INSERT INTO doubles_players (id, name, phone, gender, club) VALUES ('d32', 'Nguyệt Oanh', '—', 'F', 'CLB Bình Tân') ON CONFLICT (id) DO NOTHING;
INSERT INTO doubles_players (id, name, phone, gender, club) VALUES ('d33', 'Văn Dương (Per)', '—', 'M', 'Peridot') ON CONFLICT (id) DO NOTHING;
INSERT INTO doubles_players (id, name, phone, gender, club) VALUES ('d34', 'Ngọc Phương (Per)', '—', 'F', 'Peridot') ON CONFLICT (id) DO NOTHING;
INSERT INTO doubles_players (id, name, phone, gender, club) VALUES ('d35', 'Văn Hạnh (Per)', '—', 'M', 'Peridot') ON CONFLICT (id) DO NOTHING;
INSERT INTO doubles_players (id, name, phone, gender, club) VALUES ('d36', 'Hlim (Per)', '—', 'M', 'Peridot') ON CONFLICT (id) DO NOTHING;

-- doubles_pairs
INSERT INTO doubles_pairs (id, p1, p2) VALUES ('p01', 'd01', 'd02') ON CONFLICT (id) DO NOTHING;
INSERT INTO doubles_pairs (id, p1, p2) VALUES ('p02', 'd03', 'd04') ON CONFLICT (id) DO NOTHING;
INSERT INTO doubles_pairs (id, p1, p2) VALUES ('p03', 'd05', 'd06') ON CONFLICT (id) DO NOTHING;
INSERT INTO doubles_pairs (id, p1, p2) VALUES ('p04', 'd07', 'd08') ON CONFLICT (id) DO NOTHING;
INSERT INTO doubles_pairs (id, p1, p2) VALUES ('p05', 'd09', 'd10') ON CONFLICT (id) DO NOTHING;
INSERT INTO doubles_pairs (id, p1, p2) VALUES ('p06', 'd11', 'd12') ON CONFLICT (id) DO NOTHING;
INSERT INTO doubles_pairs (id, p1, p2) VALUES ('p07', 'd13', 'd14') ON CONFLICT (id) DO NOTHING;
INSERT INTO doubles_pairs (id, p1, p2) VALUES ('p08', 'd15', 'd16') ON CONFLICT (id) DO NOTHING;
INSERT INTO doubles_pairs (id, p1, p2) VALUES ('p09', 'd17', 'd18') ON CONFLICT (id) DO NOTHING;
INSERT INTO doubles_pairs (id, p1, p2) VALUES ('p10', 'd19', 'd20') ON CONFLICT (id) DO NOTHING;
INSERT INTO doubles_pairs (id, p1, p2) VALUES ('p11', 'd21', 'd22') ON CONFLICT (id) DO NOTHING;
INSERT INTO doubles_pairs (id, p1, p2) VALUES ('p12', 'd23', 'd24') ON CONFLICT (id) DO NOTHING;
INSERT INTO doubles_pairs (id, p1, p2) VALUES ('p13', 'd25', 'd26') ON CONFLICT (id) DO NOTHING;
INSERT INTO doubles_pairs (id, p1, p2) VALUES ('p14', 'd27', 'd28') ON CONFLICT (id) DO NOTHING;
INSERT INTO doubles_pairs (id, p1, p2) VALUES ('p15', 'd29', 'd30') ON CONFLICT (id) DO NOTHING;
INSERT INTO doubles_pairs (id, p1, p2) VALUES ('p16', 'd31', 'd32') ON CONFLICT (id) DO NOTHING;
INSERT INTO doubles_pairs (id, p1, p2) VALUES ('p17', 'd33', 'd34') ON CONFLICT (id) DO NOTHING;
INSERT INTO doubles_pairs (id, p1, p2) VALUES ('p18', 'd35', 'd36') ON CONFLICT (id) DO NOTHING;

-- doubles_groups
INSERT INTO doubles_groups (id, name, entries) VALUES ('gA', 'Bảng A', array['p01','p04','p12','p13']::text[]) ON CONFLICT (id) DO NOTHING;
INSERT INTO doubles_groups (id, name, entries) VALUES ('gB', 'Bảng B', array['p03','p05','p08','p09','p10']::text[]) ON CONFLICT (id) DO NOTHING;
INSERT INTO doubles_groups (id, name, entries) VALUES ('gC', 'Bảng C', array['p02','p11','p14','p15']::text[]) ON CONFLICT (id) DO NOTHING;
INSERT INTO doubles_groups (id, name, entries) VALUES ('gD', 'Bảng D', array['p06','p07','p16','p17','p18']::text[]) ON CONFLICT (id) DO NOTHING;

-- doubles_matches
INSERT INTO doubles_matches (id, group_id, pair_a, pair_b, "table", best_of, sets, status, winner, sets_a, sets_b) VALUES ('dm01', 'gA', 'p01', 'p04', null, 3, '[]'::jsonb, 'scheduled', null, 0, 0) ON CONFLICT (id) DO NOTHING;
INSERT INTO doubles_matches (id, group_id, pair_a, pair_b, "table", best_of, sets, status, winner, sets_a, sets_b) VALUES ('dm02', 'gA', 'p12', 'p13', null, 3, '[]'::jsonb, 'scheduled', null, 0, 0) ON CONFLICT (id) DO NOTHING;
INSERT INTO doubles_matches (id, group_id, pair_a, pair_b, "table", best_of, sets, status, winner, sets_a, sets_b) VALUES ('dm03', 'gA', 'p01', 'p12', null, 3, '[]'::jsonb, 'scheduled', null, 0, 0) ON CONFLICT (id) DO NOTHING;
INSERT INTO doubles_matches (id, group_id, pair_a, pair_b, "table", best_of, sets, status, winner, sets_a, sets_b) VALUES ('dm04', 'gA', 'p04', 'p13', null, 3, '[]'::jsonb, 'scheduled', null, 0, 0) ON CONFLICT (id) DO NOTHING;
INSERT INTO doubles_matches (id, group_id, pair_a, pair_b, "table", best_of, sets, status, winner, sets_a, sets_b) VALUES ('dm05', 'gA', 'p01', 'p13', null, 3, '[]'::jsonb, 'scheduled', null, 0, 0) ON CONFLICT (id) DO NOTHING;
INSERT INTO doubles_matches (id, group_id, pair_a, pair_b, "table", best_of, sets, status, winner, sets_a, sets_b) VALUES ('dm06', 'gA', 'p04', 'p12', null, 3, '[]'::jsonb, 'scheduled', null, 0, 0) ON CONFLICT (id) DO NOTHING;
INSERT INTO doubles_matches (id, group_id, pair_a, pair_b, "table", best_of, sets, status, winner, sets_a, sets_b) VALUES ('dm07', 'gB', 'p03', 'p05', null, 3, '[]'::jsonb, 'scheduled', null, 0, 0) ON CONFLICT (id) DO NOTHING;
INSERT INTO doubles_matches (id, group_id, pair_a, pair_b, "table", best_of, sets, status, winner, sets_a, sets_b) VALUES ('dm08', 'gB', 'p08', 'p09', null, 3, '[]'::jsonb, 'scheduled', null, 0, 0) ON CONFLICT (id) DO NOTHING;
INSERT INTO doubles_matches (id, group_id, pair_a, pair_b, "table", best_of, sets, status, winner, sets_a, sets_b) VALUES ('dm09', 'gB', 'p03', 'p10', null, 3, '[]'::jsonb, 'scheduled', null, 0, 0) ON CONFLICT (id) DO NOTHING;
INSERT INTO doubles_matches (id, group_id, pair_a, pair_b, "table", best_of, sets, status, winner, sets_a, sets_b) VALUES ('dm10', 'gB', 'p05', 'p08', null, 3, '[]'::jsonb, 'scheduled', null, 0, 0) ON CONFLICT (id) DO NOTHING;
INSERT INTO doubles_matches (id, group_id, pair_a, pair_b, "table", best_of, sets, status, winner, sets_a, sets_b) VALUES ('dm11', 'gB', 'p03', 'p09', null, 3, '[]'::jsonb, 'scheduled', null, 0, 0) ON CONFLICT (id) DO NOTHING;
INSERT INTO doubles_matches (id, group_id, pair_a, pair_b, "table", best_of, sets, status, winner, sets_a, sets_b) VALUES ('dm12', 'gB', 'p05', 'p10', null, 3, '[]'::jsonb, 'scheduled', null, 0, 0) ON CONFLICT (id) DO NOTHING;
INSERT INTO doubles_matches (id, group_id, pair_a, pair_b, "table", best_of, sets, status, winner, sets_a, sets_b) VALUES ('dm13', 'gB', 'p03', 'p08', null, 3, '[]'::jsonb, 'scheduled', null, 0, 0) ON CONFLICT (id) DO NOTHING;
INSERT INTO doubles_matches (id, group_id, pair_a, pair_b, "table", best_of, sets, status, winner, sets_a, sets_b) VALUES ('dm14', 'gB', 'p05', 'p09', null, 3, '[]'::jsonb, 'scheduled', null, 0, 0) ON CONFLICT (id) DO NOTHING;
INSERT INTO doubles_matches (id, group_id, pair_a, pair_b, "table", best_of, sets, status, winner, sets_a, sets_b) VALUES ('dm15', 'gB', 'p08', 'p10', null, 3, '[]'::jsonb, 'scheduled', null, 0, 0) ON CONFLICT (id) DO NOTHING;
INSERT INTO doubles_matches (id, group_id, pair_a, pair_b, "table", best_of, sets, status, winner, sets_a, sets_b) VALUES ('dm16', 'gB', 'p09', 'p10', null, 3, '[]'::jsonb, 'scheduled', null, 0, 0) ON CONFLICT (id) DO NOTHING;
INSERT INTO doubles_matches (id, group_id, pair_a, pair_b, "table", best_of, sets, status, winner, sets_a, sets_b) VALUES ('dm17', 'gC', 'p02', 'p11', null, 3, '[]'::jsonb, 'scheduled', null, 0, 0) ON CONFLICT (id) DO NOTHING;
INSERT INTO doubles_matches (id, group_id, pair_a, pair_b, "table", best_of, sets, status, winner, sets_a, sets_b) VALUES ('dm18', 'gC', 'p14', 'p15', null, 3, '[]'::jsonb, 'scheduled', null, 0, 0) ON CONFLICT (id) DO NOTHING;
INSERT INTO doubles_matches (id, group_id, pair_a, pair_b, "table", best_of, sets, status, winner, sets_a, sets_b) VALUES ('dm19', 'gC', 'p02', 'p14', null, 3, '[]'::jsonb, 'scheduled', null, 0, 0) ON CONFLICT (id) DO NOTHING;
INSERT INTO doubles_matches (id, group_id, pair_a, pair_b, "table", best_of, sets, status, winner, sets_a, sets_b) VALUES ('dm20', 'gC', 'p11', 'p15', null, 3, '[]'::jsonb, 'scheduled', null, 0, 0) ON CONFLICT (id) DO NOTHING;
INSERT INTO doubles_matches (id, group_id, pair_a, pair_b, "table", best_of, sets, status, winner, sets_a, sets_b) VALUES ('dm21', 'gC', 'p02', 'p15', null, 3, '[]'::jsonb, 'scheduled', null, 0, 0) ON CONFLICT (id) DO NOTHING;
INSERT INTO doubles_matches (id, group_id, pair_a, pair_b, "table", best_of, sets, status, winner, sets_a, sets_b) VALUES ('dm22', 'gC', 'p11', 'p14', null, 3, '[]'::jsonb, 'scheduled', null, 0, 0) ON CONFLICT (id) DO NOTHING;
INSERT INTO doubles_matches (id, group_id, pair_a, pair_b, "table", best_of, sets, status, winner, sets_a, sets_b) VALUES ('dm23', 'gD', 'p06', 'p07', null, 3, '[]'::jsonb, 'scheduled', null, 0, 0) ON CONFLICT (id) DO NOTHING;
INSERT INTO doubles_matches (id, group_id, pair_a, pair_b, "table", best_of, sets, status, winner, sets_a, sets_b) VALUES ('dm24', 'gD', 'p16', 'p17', null, 3, '[]'::jsonb, 'scheduled', null, 0, 0) ON CONFLICT (id) DO NOTHING;
INSERT INTO doubles_matches (id, group_id, pair_a, pair_b, "table", best_of, sets, status, winner, sets_a, sets_b) VALUES ('dm25', 'gD', 'p06', 'p18', null, 3, '[]'::jsonb, 'scheduled', null, 0, 0) ON CONFLICT (id) DO NOTHING;
INSERT INTO doubles_matches (id, group_id, pair_a, pair_b, "table", best_of, sets, status, winner, sets_a, sets_b) VALUES ('dm26', 'gD', 'p07', 'p16', null, 3, '[]'::jsonb, 'scheduled', null, 0, 0) ON CONFLICT (id) DO NOTHING;
INSERT INTO doubles_matches (id, group_id, pair_a, pair_b, "table", best_of, sets, status, winner, sets_a, sets_b) VALUES ('dm27', 'gD', 'p06', 'p17', null, 3, '[]'::jsonb, 'scheduled', null, 0, 0) ON CONFLICT (id) DO NOTHING;
INSERT INTO doubles_matches (id, group_id, pair_a, pair_b, "table", best_of, sets, status, winner, sets_a, sets_b) VALUES ('dm28', 'gD', 'p07', 'p18', null, 3, '[]'::jsonb, 'scheduled', null, 0, 0) ON CONFLICT (id) DO NOTHING;
INSERT INTO doubles_matches (id, group_id, pair_a, pair_b, "table", best_of, sets, status, winner, sets_a, sets_b) VALUES ('dm29', 'gD', 'p06', 'p16', null, 3, '[]'::jsonb, 'scheduled', null, 0, 0) ON CONFLICT (id) DO NOTHING;
INSERT INTO doubles_matches (id, group_id, pair_a, pair_b, "table", best_of, sets, status, winner, sets_a, sets_b) VALUES ('dm30', 'gD', 'p07', 'p17', null, 3, '[]'::jsonb, 'scheduled', null, 0, 0) ON CONFLICT (id) DO NOTHING;
INSERT INTO doubles_matches (id, group_id, pair_a, pair_b, "table", best_of, sets, status, winner, sets_a, sets_b) VALUES ('dm31', 'gD', 'p16', 'p18', null, 3, '[]'::jsonb, 'scheduled', null, 0, 0) ON CONFLICT (id) DO NOTHING;
INSERT INTO doubles_matches (id, group_id, pair_a, pair_b, "table", best_of, sets, status, winner, sets_a, sets_b) VALUES ('dm32', 'gD', 'p17', 'p18', null, 3, '[]'::jsonb, 'scheduled', null, 0, 0) ON CONFLICT (id) DO NOTHING;

-- doubles_ko
INSERT INTO doubles_ko (id, round, best_of, label_a, label_b, entry_a, entry_b, sets, status, winner, sets_a, sets_b, next_match_id, next_slot) VALUES ('dko-qf1', 'qf', 5, 'Nhất bảng A', 'Nhì bảng C', null, null, '[]'::jsonb, 'scheduled', null, 0, 0, 'dko-sf1', 'a') ON CONFLICT (id) DO NOTHING;
INSERT INTO doubles_ko (id, round, best_of, label_a, label_b, entry_a, entry_b, sets, status, winner, sets_a, sets_b, next_match_id, next_slot) VALUES ('dko-qf2', 'qf', 5, 'Nhất bảng C', 'Nhì bảng A', null, null, '[]'::jsonb, 'scheduled', null, 0, 0, 'dko-sf1', 'b') ON CONFLICT (id) DO NOTHING;
INSERT INTO doubles_ko (id, round, best_of, label_a, label_b, entry_a, entry_b, sets, status, winner, sets_a, sets_b, next_match_id, next_slot) VALUES ('dko-qf3', 'qf', 5, 'Nhất bảng B', 'Nhì bảng D', null, null, '[]'::jsonb, 'scheduled', null, 0, 0, 'dko-sf2', 'a') ON CONFLICT (id) DO NOTHING;
INSERT INTO doubles_ko (id, round, best_of, label_a, label_b, entry_a, entry_b, sets, status, winner, sets_a, sets_b, next_match_id, next_slot) VALUES ('dko-qf4', 'qf', 5, 'Nhất bảng D', 'Nhì bảng B', null, null, '[]'::jsonb, 'scheduled', null, 0, 0, 'dko-sf2', 'b') ON CONFLICT (id) DO NOTHING;
INSERT INTO doubles_ko (id, round, best_of, label_a, label_b, entry_a, entry_b, sets, status, winner, sets_a, sets_b, next_match_id, next_slot) VALUES ('dko-sf1', 'sf', 5, 'Thắng Tứ kết 1', 'Thắng Tứ kết 2', null, null, '[]'::jsonb, 'scheduled', null, 0, 0, 'dko-f', 'a') ON CONFLICT (id) DO NOTHING;
INSERT INTO doubles_ko (id, round, best_of, label_a, label_b, entry_a, entry_b, sets, status, winner, sets_a, sets_b, next_match_id, next_slot) VALUES ('dko-sf2', 'sf', 5, 'Thắng Tứ kết 3', 'Thắng Tứ kết 4', null, null, '[]'::jsonb, 'scheduled', null, 0, 0, 'dko-f', 'b') ON CONFLICT (id) DO NOTHING;
INSERT INTO doubles_ko (id, round, best_of, label_a, label_b, entry_a, entry_b, sets, status, winner, sets_a, sets_b, next_match_id, next_slot) VALUES ('dko-f', 'f', 5, 'Thắng Bán kết 1', 'Thắng Bán kết 2', null, null, '[]'::jsonb, 'scheduled', null, 0, 0, null, null) ON CONFLICT (id) DO NOTHING;

-- team_players
INSERT INTO team_players (id, name, phone, gender, club) VALUES ('t01', 'Quốc', '—', 'M', 'CLB Bình Tân') ON CONFLICT (id) DO NOTHING;
INSERT INTO team_players (id, name, phone, gender, club) VALUES ('t02', 'Quy', '—', 'M', 'CLB Bình Tân') ON CONFLICT (id) DO NOTHING;
INSERT INTO team_players (id, name, phone, gender, club) VALUES ('t03', 'Liêu', '—', 'M', 'CLB Bình Tân') ON CONFLICT (id) DO NOTHING;
INSERT INTO team_players (id, name, phone, gender, club) VALUES ('t04', 'Hảo', '—', 'M', 'CLB Bình Tân') ON CONFLICT (id) DO NOTHING;
INSERT INTO team_players (id, name, phone, gender, club) VALUES ('t05', 'Hưởng', '—', 'M', 'CLB Bình Tân') ON CONFLICT (id) DO NOTHING;
INSERT INTO team_players (id, name, phone, gender, club) VALUES ('t06', 'Vinh', '—', 'M', 'CLB Bình Tân') ON CONFLICT (id) DO NOTHING;
INSERT INTO team_players (id, name, phone, gender, club) VALUES ('t07', 'Phương', '—', 'M', 'Peridot') ON CONFLICT (id) DO NOTHING;
INSERT INTO team_players (id, name, phone, gender, club) VALUES ('t08', 'Quân', '—', 'M', 'Peridot') ON CONFLICT (id) DO NOTHING;
INSERT INTO team_players (id, name, phone, gender, club) VALUES ('t09', 'Dương', '—', 'M', 'Peridot') ON CONFLICT (id) DO NOTHING;
INSERT INTO team_players (id, name, phone, gender, club) VALUES ('t10', 'Sáng', '—', 'M', 'Mizuki') ON CONFLICT (id) DO NOTHING;
INSERT INTO team_players (id, name, phone, gender, club) VALUES ('t11', 'Sơn', '—', 'M', 'Mizuki') ON CONFLICT (id) DO NOTHING;
INSERT INTO team_players (id, name, phone, gender, club) VALUES ('t12', 'Thông', '—', 'M', 'Mizuki') ON CONFLICT (id) DO NOTHING;
INSERT INTO team_players (id, name, phone, gender, club) VALUES ('t13', 'Mỹ', '—', 'M', 'Peridot') ON CONFLICT (id) DO NOTHING;
INSERT INTO team_players (id, name, phone, gender, club) VALUES ('t14', 'Minh', '—', 'M', 'Peridot') ON CONFLICT (id) DO NOTHING;
INSERT INTO team_players (id, name, phone, gender, club) VALUES ('t15', 'Lưu', '—', 'M', 'Peridot') ON CONFLICT (id) DO NOTHING;
INSERT INTO team_players (id, name, phone, gender, club) VALUES ('t16', 'Quân', '—', 'M', 'CLB Bình Tân') ON CONFLICT (id) DO NOTHING;
INSERT INTO team_players (id, name, phone, gender, club) VALUES ('t17', 'Phương', '—', 'M', 'CLB Bình Tân') ON CONFLICT (id) DO NOTHING;
INSERT INTO team_players (id, name, phone, gender, club) VALUES ('t18', 'Cường', '—', 'M', 'CLB Bình Tân') ON CONFLICT (id) DO NOTHING;
INSERT INTO team_players (id, name, phone, gender, club) VALUES ('t19', 'Nghiệp', '—', 'M', 'Mizuki') ON CONFLICT (id) DO NOTHING;
INSERT INTO team_players (id, name, phone, gender, club) VALUES ('t20', 'Kiên', '—', 'M', 'Mizuki') ON CONFLICT (id) DO NOTHING;
INSERT INTO team_players (id, name, phone, gender, club) VALUES ('t21', 'Hòa', '—', 'M', 'Mizuki') ON CONFLICT (id) DO NOTHING;
INSERT INTO team_players (id, name, phone, gender, club) VALUES ('t22', 'Điền', '—', 'M', 'City Gates') ON CONFLICT (id) DO NOTHING;
INSERT INTO team_players (id, name, phone, gender, club) VALUES ('t23', 'Đạt', '—', 'M', 'City Gates') ON CONFLICT (id) DO NOTHING;
INSERT INTO team_players (id, name, phone, gender, club) VALUES ('t24', 'Trung', '—', 'M', 'City Gates') ON CONFLICT (id) DO NOTHING;

-- teams
INSERT INTO teams (id, name, members) VALUES ('tA1', 'Bình Tân 1', array['t01','t02','t03']::text[]) ON CONFLICT (id) DO NOTHING;
INSERT INTO teams (id, name, members) VALUES ('tA2', 'Bình Tân 2', array['t04','t05','t06']::text[]) ON CONFLICT (id) DO NOTHING;
INSERT INTO teams (id, name, members) VALUES ('tA3', 'Peridot 2', array['t07','t08','t09']::text[]) ON CONFLICT (id) DO NOTHING;
INSERT INTO teams (id, name, members) VALUES ('tA4', 'Mizuki 2', array['t10','t11','t12']::text[]) ON CONFLICT (id) DO NOTHING;
INSERT INTO teams (id, name, members) VALUES ('tB1', 'Peridot 1', array['t13','t14','t15']::text[]) ON CONFLICT (id) DO NOTHING;
INSERT INTO teams (id, name, members) VALUES ('tB2', 'Bình Tân 3', array['t16','t17','t18']::text[]) ON CONFLICT (id) DO NOTHING;
INSERT INTO teams (id, name, members) VALUES ('tB3', 'Mizuki 1', array['t19','t20','t21']::text[]) ON CONFLICT (id) DO NOTHING;
INSERT INTO teams (id, name, members) VALUES ('tB4', 'City Gates', array['t22','t23','t24']::text[]) ON CONFLICT (id) DO NOTHING;

-- team_groups
INSERT INTO team_groups (id, name, entries) VALUES ('gtA', 'Bảng A', array['tA1','tA2','tA3','tA4']::text[]) ON CONFLICT (id) DO NOTHING;
INSERT INTO team_groups (id, name, entries) VALUES ('gtB', 'Bảng B', array['tB1','tB2','tB3','tB4']::text[]) ON CONFLICT (id) DO NOTHING;

-- team_matches
INSERT INTO team_matches (id, group_id, team_a, team_b, "table", status, score_a, score_b, winner, individual) VALUES ('tmm01', 'gtA', 'tA1', 'tA2', null, 'scheduled', 0, 0, null, '[{"id":"tA1-tA2-d","label":"Đôi","playerA":"—","playerB":"—","bestOf":3,"sets":[]},{"id":"tA1-tA2-s1","label":"Đơn 1","playerA":"—","playerB":"—","bestOf":3,"sets":[]},{"id":"tA1-tA2-s2","label":"Đơn 2","playerA":"—","playerB":"—","bestOf":3,"sets":[]}]'::jsonb) ON CONFLICT (id) DO NOTHING;
INSERT INTO team_matches (id, group_id, team_a, team_b, "table", status, score_a, score_b, winner, individual) VALUES ('tmm02', 'gtA', 'tA3', 'tA4', null, 'scheduled', 0, 0, null, '[{"id":"tA3-tA4-d","label":"Đôi","playerA":"—","playerB":"—","bestOf":3,"sets":[]},{"id":"tA3-tA4-s1","label":"Đơn 1","playerA":"—","playerB":"—","bestOf":3,"sets":[]},{"id":"tA3-tA4-s2","label":"Đơn 2","playerA":"—","playerB":"—","bestOf":3,"sets":[]}]'::jsonb) ON CONFLICT (id) DO NOTHING;
INSERT INTO team_matches (id, group_id, team_a, team_b, "table", status, score_a, score_b, winner, individual) VALUES ('tmm03', 'gtA', 'tA1', 'tA3', null, 'scheduled', 0, 0, null, '[{"id":"tA1-tA3-d","label":"Đôi","playerA":"—","playerB":"—","bestOf":3,"sets":[]},{"id":"tA1-tA3-s1","label":"Đơn 1","playerA":"—","playerB":"—","bestOf":3,"sets":[]},{"id":"tA1-tA3-s2","label":"Đơn 2","playerA":"—","playerB":"—","bestOf":3,"sets":[]}]'::jsonb) ON CONFLICT (id) DO NOTHING;
INSERT INTO team_matches (id, group_id, team_a, team_b, "table", status, score_a, score_b, winner, individual) VALUES ('tmm04', 'gtA', 'tA2', 'tA4', null, 'scheduled', 0, 0, null, '[{"id":"tA2-tA4-d","label":"Đôi","playerA":"—","playerB":"—","bestOf":3,"sets":[]},{"id":"tA2-tA4-s1","label":"Đơn 1","playerA":"—","playerB":"—","bestOf":3,"sets":[]},{"id":"tA2-tA4-s2","label":"Đơn 2","playerA":"—","playerB":"—","bestOf":3,"sets":[]}]'::jsonb) ON CONFLICT (id) DO NOTHING;
INSERT INTO team_matches (id, group_id, team_a, team_b, "table", status, score_a, score_b, winner, individual) VALUES ('tmm05', 'gtA', 'tA1', 'tA4', null, 'scheduled', 0, 0, null, '[{"id":"tA1-tA4-d","label":"Đôi","playerA":"—","playerB":"—","bestOf":3,"sets":[]},{"id":"tA1-tA4-s1","label":"Đơn 1","playerA":"—","playerB":"—","bestOf":3,"sets":[]},{"id":"tA1-tA4-s2","label":"Đơn 2","playerA":"—","playerB":"—","bestOf":3,"sets":[]}]'::jsonb) ON CONFLICT (id) DO NOTHING;
INSERT INTO team_matches (id, group_id, team_a, team_b, "table", status, score_a, score_b, winner, individual) VALUES ('tmm06', 'gtA', 'tA2', 'tA3', null, 'scheduled', 0, 0, null, '[{"id":"tA2-tA3-d","label":"Đôi","playerA":"—","playerB":"—","bestOf":3,"sets":[]},{"id":"tA2-tA3-s1","label":"Đơn 1","playerA":"—","playerB":"—","bestOf":3,"sets":[]},{"id":"tA2-tA3-s2","label":"Đơn 2","playerA":"—","playerB":"—","bestOf":3,"sets":[]}]'::jsonb) ON CONFLICT (id) DO NOTHING;
INSERT INTO team_matches (id, group_id, team_a, team_b, "table", status, score_a, score_b, winner, individual) VALUES ('tmm07', 'gtB', 'tB1', 'tB2', null, 'scheduled', 0, 0, null, '[{"id":"tB1-tB2-d","label":"Đôi","playerA":"—","playerB":"—","bestOf":3,"sets":[]},{"id":"tB1-tB2-s1","label":"Đơn 1","playerA":"—","playerB":"—","bestOf":3,"sets":[]},{"id":"tB1-tB2-s2","label":"Đơn 2","playerA":"—","playerB":"—","bestOf":3,"sets":[]}]'::jsonb) ON CONFLICT (id) DO NOTHING;
INSERT INTO team_matches (id, group_id, team_a, team_b, "table", status, score_a, score_b, winner, individual) VALUES ('tmm08', 'gtB', 'tB3', 'tB4', null, 'scheduled', 0, 0, null, '[{"id":"tB3-tB4-d","label":"Đôi","playerA":"—","playerB":"—","bestOf":3,"sets":[]},{"id":"tB3-tB4-s1","label":"Đơn 1","playerA":"—","playerB":"—","bestOf":3,"sets":[]},{"id":"tB3-tB4-s2","label":"Đơn 2","playerA":"—","playerB":"—","bestOf":3,"sets":[]}]'::jsonb) ON CONFLICT (id) DO NOTHING;
INSERT INTO team_matches (id, group_id, team_a, team_b, "table", status, score_a, score_b, winner, individual) VALUES ('tmm09', 'gtB', 'tB1', 'tB3', null, 'scheduled', 0, 0, null, '[{"id":"tB1-tB3-d","label":"Đôi","playerA":"—","playerB":"—","bestOf":3,"sets":[]},{"id":"tB1-tB3-s1","label":"Đơn 1","playerA":"—","playerB":"—","bestOf":3,"sets":[]},{"id":"tB1-tB3-s2","label":"Đơn 2","playerA":"—","playerB":"—","bestOf":3,"sets":[]}]'::jsonb) ON CONFLICT (id) DO NOTHING;
INSERT INTO team_matches (id, group_id, team_a, team_b, "table", status, score_a, score_b, winner, individual) VALUES ('tmm10', 'gtB', 'tB2', 'tB4', null, 'scheduled', 0, 0, null, '[{"id":"tB2-tB4-d","label":"Đôi","playerA":"—","playerB":"—","bestOf":3,"sets":[]},{"id":"tB2-tB4-s1","label":"Đơn 1","playerA":"—","playerB":"—","bestOf":3,"sets":[]},{"id":"tB2-tB4-s2","label":"Đơn 2","playerA":"—","playerB":"—","bestOf":3,"sets":[]}]'::jsonb) ON CONFLICT (id) DO NOTHING;
INSERT INTO team_matches (id, group_id, team_a, team_b, "table", status, score_a, score_b, winner, individual) VALUES ('tmm11', 'gtB', 'tB1', 'tB4', null, 'scheduled', 0, 0, null, '[{"id":"tB1-tB4-d","label":"Đôi","playerA":"—","playerB":"—","bestOf":3,"sets":[]},{"id":"tB1-tB4-s1","label":"Đơn 1","playerA":"—","playerB":"—","bestOf":3,"sets":[]},{"id":"tB1-tB4-s2","label":"Đơn 2","playerA":"—","playerB":"—","bestOf":3,"sets":[]}]'::jsonb) ON CONFLICT (id) DO NOTHING;
INSERT INTO team_matches (id, group_id, team_a, team_b, "table", status, score_a, score_b, winner, individual) VALUES ('tmm12', 'gtB', 'tB2', 'tB3', null, 'scheduled', 0, 0, null, '[{"id":"tB2-tB3-d","label":"Đôi","playerA":"—","playerB":"—","bestOf":3,"sets":[]},{"id":"tB2-tB3-s1","label":"Đơn 1","playerA":"—","playerB":"—","bestOf":3,"sets":[]},{"id":"tB2-tB3-s2","label":"Đơn 2","playerA":"—","playerB":"—","bestOf":3,"sets":[]}]'::jsonb) ON CONFLICT (id) DO NOTHING;

-- team_ko
INSERT INTO team_ko (id, round, label_a, label_b, entry_a, entry_b, status, score_a, score_b, winner, individual, lineup, next_match_id, next_slot) VALUES ('tko-sf1', 'sf', 'Nhất bảng A', 'Nhì bảng B', null, null, 'scheduled', 0, 0, null, '[{"id":"tko-sf1-d","label":"Đôi","playerA":"—","playerB":"—","bestOf":3,"sets":[]},{"id":"tko-sf1-s1","label":"Đơn 1","playerA":"—","playerB":"—","bestOf":3,"sets":[]},{"id":"tko-sf1-s2","label":"Đơn 2","playerA":"—","playerB":"—","bestOf":3,"sets":[]}]'::jsonb, null, 'tko-f', 'a') ON CONFLICT (id) DO NOTHING;
INSERT INTO team_ko (id, round, label_a, label_b, entry_a, entry_b, status, score_a, score_b, winner, individual, lineup, next_match_id, next_slot) VALUES ('tko-sf2', 'sf', 'Nhất bảng B', 'Nhì bảng A', null, null, 'scheduled', 0, 0, null, '[{"id":"tko-sf2-d","label":"Đôi","playerA":"—","playerB":"—","bestOf":3,"sets":[]},{"id":"tko-sf2-s1","label":"Đơn 1","playerA":"—","playerB":"—","bestOf":3,"sets":[]},{"id":"tko-sf2-s2","label":"Đơn 2","playerA":"—","playerB":"—","bestOf":3,"sets":[]}]'::jsonb, null, 'tko-f', 'b') ON CONFLICT (id) DO NOTHING;
INSERT INTO team_ko (id, round, label_a, label_b, entry_a, entry_b, status, score_a, score_b, winner, individual, lineup, next_match_id, next_slot) VALUES ('tko-f', 'f', 'Thắng Bán kết 1', 'Thắng Bán kết 2', null, null, 'scheduled', 0, 0, null, '[{"id":"tko-f-d","label":"Đôi","playerA":"—","playerB":"—","bestOf":3,"sets":[]},{"id":"tko-f-s1","label":"Đơn 1","playerA":"—","playerB":"—","bestOf":3,"sets":[]},{"id":"tko-f-s2","label":"Đơn 2","playerA":"—","playerB":"—","bestOf":3,"sets":[]}]'::jsonb, null, null, null) ON CONFLICT (id) DO NOTHING;
